City_ID,City,Country,Lat,Lng,Max Temp,Humidity,Cloudiness,Wind Speed,Current Description
0,Bambous Virieux,MU,-20.3428,57.7575,70.21,75,6,7.36,clear sky
1,Busselton,AU,-33.65,115.3333,51.08,89,43,7.49,scattered clouds
2,Arraial Do Cabo,BR,-22.9661,-42.0278,71.31,94,100,8.66,light rain
3,Rikitea,PF,-23.1203,-134.9692,73.99,66,29,18.01,scattered clouds
4,Mataura,NZ,-46.1927,168.8643,49.48,88,55,2.73,broken clouds
5,Bethel,US,41.3712,-73.414,68.49,70,43,3.06,scattered clouds
6,Lata,PT,40.1629,-8.3327,64.04,94,22,2.42,few clouds
7,Pisco,PE,-13.7,-76.2167,66.25,82,90,8.05,overcast clouds
8,Cayenne,GF,4.9333,-52.3333,77.09,89,0,11.52,clear sky
9,Calvinia,ZA,-31.4707,19.776,41.94,96,13,1.97,few clouds
10,Ancud,CL,-41.8697,-73.8203,58.42,98,100,14.18,light rain
11,Cabo San Lucas,MX,22.8909,-109.9124,98.51,36,1,9.22,clear sky
12,Bredasdorp,ZA,-34.5322,20.0403,54.28,89,5,7.49,clear sky
13,Sao Gabriel Da Cachoeira,BR,-0.1303,-67.0892,74.32,97,45,1.16,scattered clouds
14,Muncar,ID,-8.4333,114.3333,73.24,88,76,1.32,broken clouds
15,Hobart,AU,-42.8794,147.3294,54.23,68,0,5.01,clear sky
16,Ushuaia,AR,-54.8,-68.3,29.44,95,79,2.84,light snow
17,San Patricio,US,28.017,-97.5169,85.17,63,90,13.47,overcast clouds
18,Carnarvon,AU,-24.8667,113.6333,53.67,94,0,10.36,clear sky
19,Norman Wells,CA,65.282,-126.8329,64.42,48,64,1.63,broken clouds
20,Lucea,JM,18.451,-78.1736,85.86,77,100,11.07,overcast clouds
21,Nome,US,64.5011,-165.4064,63.1,43,41,7.87,scattered clouds
22,Jamestown,US,42.097,-79.2353,67.32,39,1,5.01,clear sky
23,Vaini,TO,-21.2,-175.2,72.59,83,100,9.24,overcast clouds
24,Qaanaaq,GL,77.484,-69.3632,32.92,92,100,2.91,overcast clouds
25,Kapaa,US,22.0752,-159.319,81.19,71,44,1.99,scattered clouds
26,Airai,TL,-8.9266,125.4092,61.23,85,97,2.08,overcast clouds
27,Caravelas,BR,-17.7125,-39.2481,72.88,83,20,4.61,few clouds
28,Curaca,BR,-8.9903,-39.9094,79.65,61,98,9.1,overcast clouds
29,Chokurdakh,RU,70.6333,147.9167,66.02,30,37,10.25,scattered clouds
30,Albany,US,42.6001,-73.9662,66.74,67,56,6.22,broken clouds
31,Sorland,NO,67.667,12.6934,48.24,83,100,3.78,overcast clouds
32,Hami,CN,42.8,93.45,68.79,15,31,10.58,scattered clouds
33,Beringovskiy,RU,63.05,179.3167,36.23,79,36,11.92,scattered clouds
34,Aksha,RU,50.2814,113.2867,41.54,52,24,16.33,few clouds
35,Broome,US,42.2506,-75.833,68.56,45,1,3.0,clear sky
36,Ostrovnoy,RU,68.0531,39.5131,38.01,95,100,16.49,overcast clouds
37,Hermanus,ZA,-34.4187,19.2345,54.9,81,25,4.92,light rain
38,Tasiilaq,GL,65.6145,-37.6368,39.36,82,77,1.41,broken clouds
39,Siquirres,CR,10.0975,-83.5066,85.41,85,75,3.22,broken clouds
40,Grootfontein,NA,-19.5667,18.1167,54.95,29,74,3.85,broken clouds
41,Santa Vitoria Do Palmar,BR,-33.5189,-53.3681,54.52,73,43,9.53,scattered clouds
42,Cape Town,ZA,-33.9258,18.4232,56.12,92,20,1.97,few clouds
43,Tarko-Sale,RU,64.9225,77.785,36.0,76,100,4.92,overcast clouds
44,Buraydah,SA,26.326,43.975,87.89,14,3,8.66,clear sky
45,Huescar,ES,37.811,-2.5412,64.11,70,97,4.34,overcast clouds
46,Tuktoyaktuk,CA,69.4541,-133.0374,33.62,78,98,9.31,overcast clouds
47,Kununurra,AU,-15.7667,128.7333,60.78,94,58,0.0,broken clouds
48,Mahebourg,MU,-20.4081,57.7,70.25,75,3,7.4,clear sky
49,Tiksi,RU,71.6872,128.8694,46.26,69,6,3.22,clear sky
50,Puerto Escondido,MX,15.85,-97.0667,86.09,70,63,7.29,broken clouds
51,Bengkulu,ID,-3.8004,102.2655,75.24,92,100,3.78,overcast clouds
52,Port Elizabeth,ZA,-33.918,25.5701,54.1,78,18,12.06,few clouds
53,Ouallam,NE,14.3188,2.0866,90.34,17,12,3.22,few clouds
54,High Level,CA,58.5169,-117.136,76.57,26,82,6.13,broken clouds
55,Iroquois Falls,CA,48.7669,-80.6831,60.94,60,98,3.51,overcast clouds
56,Provideniya,RU,64.3833,-173.3,46.51,57,0,11.18,clear sky
57,Punta Arenas,CL,-53.15,-70.9167,35.11,64,100,4.74,overcast clouds
58,Najran,SA,17.4924,44.1277,76.19,14,8,4.05,clear sky
59,Hasaki,JP,35.7333,140.8333,68.29,73,93,5.48,overcast clouds
60,Yar-Sale,RU,66.8333,70.8333,40.14,74,23,12.33,few clouds
61,Acajutla,SV,13.5928,-89.8275,84.24,75,29,5.41,scattered clouds
62,Lebu,CL,-37.6167,-73.65,57.24,99,100,9.8,light rain
63,Angoche,MZ,-16.2325,39.9086,73.62,75,22,6.76,few clouds
64,Olafsvik,IS,64.8945,-23.7142,44.96,80,64,18.23,broken clouds
65,Florianopolis,BR,-27.6146,-48.5012,62.62,83,50,3.02,scattered clouds
66,Nisia Floresta,BR,-6.0911,-35.2086,74.44,93,24,6.89,few clouds
67,Nikolskoye,RU,59.7035,30.7861,49.89,94,100,4.41,overcast clouds
68,Hilo,US,19.7297,-155.09,90.28,94,19,5.99,moderate rain
69,Souillac,MU,-20.5167,57.5167,70.36,78,1,7.18,clear sky
70,Faanui,PF,-16.4833,-151.75,78.3,67,38,13.73,scattered clouds
71,Kodiak,US,57.79,-152.4072,47.71,87,90,17.27,moderate rain
72,Santiago De Cuba,CU,20.0247,-75.8219,83.82,88,82,3.78,broken clouds
73,Sutton Coldfield,GB,52.5667,-1.8167,59.22,70,0,7.0,clear sky
74,Puerto Cabezas,NI,14.0351,-83.3888,82.87,68,54,8.5,broken clouds
75,Atuona,PF,-9.8,-139.0333,78.84,72,92,9.48,light rain
76,New Norfolk,AU,-42.7826,147.0587,53.89,71,100,3.33,overcast clouds
77,Bezlyudivka,UA,49.8718,36.2952,50.43,81,40,8.99,light rain
78,Bluff,NZ,-46.6,168.3333,49.8,76,89,12.06,overcast clouds
79,Longyearbyen,SJ,78.2186,15.6401,35.44,75,75,4.61,broken clouds
80,Port Alfred,ZA,-33.5906,26.891,58.96,83,94,11.77,light rain
81,Salekhard,RU,66.53,66.6019,42.13,79,70,17.58,broken clouds
82,Faya,SA,18.3851,42.4509,70.03,17,4,6.49,clear sky
83,Torbay,CA,47.6666,-52.7314,52.29,81,99,11.9,overcast clouds
84,Koumac,NC,-20.5667,164.2833,73.17,55,8,17.0,clear sky
85,Pimentel,PE,-6.8367,-79.9342,68.0,83,80,4.0,broken clouds
86,Kota Belud,MY,6.351,116.4305,78.66,83,100,3.76,light rain
87,Saint George,US,37.1041,-113.5841,99.07,8,1,1.01,clear sky
88,Avarua,CK,-21.2078,-159.775,78.85,57,20,8.05,few clouds
89,Dingle,PH,10.9995,122.6711,80.56,82,100,0.98,overcast clouds
90,Vygonichi,RU,53.0985,34.0673,42.91,93,10,2.44,clear sky
91,Sao Miguel Do Araguaia,BR,-13.275,-50.1628,78.13,38,79,4.09,broken clouds
92,Markova,UA,48.6758,24.4138,45.19,96,82,2.68,broken clouds
93,Clyde River,CA,70.4692,-68.5914,29.28,92,51,2.24,broken clouds
94,Upernavik,GL,72.7868,-56.1549,31.23,90,100,2.64,overcast clouds
95,Port Hedland,AU,-20.3167,118.5667,66.25,45,74,11.5,broken clouds
96,Meulaboh,ID,4.1363,96.1285,76.23,89,98,3.96,overcast clouds
97,Castro,BR,-24.7911,-50.0119,55.65,98,97,2.26,overcast clouds
98,Boddam,GB,57.4667,-1.7833,48.11,92,57,15.03,broken clouds
99,East London,ZA,-33.0153,27.9116,58.12,87,82,12.8,light rain
100,Iqaluit,CA,63.7506,-68.5145,32.7,100,90,11.99,light snow
101,Bardsir,IR,29.9227,56.5743,72.46,12,0,4.36,clear sky
102,Mar Del Plata,AR,-38.0023,-57.5575,53.13,18,100,2.68,overcast clouds
103,Hithadhoo,MV,-0.6,73.0833,83.68,67,89,17.58,overcast clouds
104,Barcelos,PT,41.5388,-8.6151,63.84,96,13,3.38,few clouds
105,Tshane,BW,-24.0196,21.8684,49.73,26,0,8.46,clear sky
106,Cairns,AU,-16.9167,145.7667,75.07,84,75,11.5,broken clouds
107,Cherskiy,RU,68.75,161.3,62.71,24,100,10.94,overcast clouds
108,Fortuna,US,40.5982,-124.1573,101.48,62,29,3.0,scattered clouds
109,Sao Felix Do Xingu,BR,-6.6447,-51.995,74.43,61,2,2.53,clear sky
110,Parambu,BR,-6.2111,-40.6944,77.59,59,46,5.99,scattered clouds
111,Qaqortoq,GL,60.7167,-46.0333,45.1,87,43,3.06,scattered clouds
112,Adrar,MR,20.5022,-10.0711,90.37,30,73,11.18,broken clouds
113,Jaca,ES,42.569,-0.5499,65.12,67,98,4.47,overcast clouds
114,Imbituba,BR,-28.24,-48.6703,55.94,91,8,5.84,clear sky
115,Saldanha,ZA,-33.0117,17.9442,57.52,81,24,3.62,few clouds
116,Thompson,CA,55.7435,-97.8558,54.75,67,100,4.92,overcast clouds
117,Flinders,AU,-34.5833,150.8552,59.38,76,98,4.54,overcast clouds
118,Ponta Do Sol,PT,32.6667,-17.1,66.7,81,64,4.23,broken clouds
119,Abu Dhabi,AE,24.4667,54.3667,87.55,72,0,8.66,clear sky
120,Kahului,US,20.8947,-156.47,90.34,80,55,14.0,broken clouds
121,Neuquen,AR,-38.9516,-68.0591,64.62,44,100,25.41,overcast clouds
122,Dikson,RU,73.5069,80.5464,28.63,92,100,14.05,overcast clouds
123,Ilulissat,GL,69.2167,-51.1,33.82,69,96,4.61,overcast clouds
124,Gilroy,US,37.0058,-121.5683,96.13,36,1,12.66,clear sky
125,Leningradskiy,RU,69.3833,178.4167,32.79,86,85,13.27,overcast clouds
126,Nagorsk,RU,59.3172,50.8078,40.06,65,99,2.13,light rain
127,Tsuruoka,JP,38.7217,139.8217,61.81,72,3,3.15,clear sky
128,Cockburn Town,TC,21.4612,-71.1419,79.88,79,100,18.43,overcast clouds
129,Tucuman,AR,-26.8241,-65.2226,58.68,56,0,2.64,clear sky
130,Saint-Georges,GD,12.0564,-61.7485,79.52,79,82,17.63,broken clouds
131,Rochefort,FR,45.9167,-1.0,68.11,80,30,9.13,scattered clouds
132,Praia Da Vitoria,PT,38.7333,-27.0667,59.76,76,79,15.95,broken clouds
133,Mandalgovi,MN,45.7625,106.2708,35.31,77,100,10.98,light rain
134,Huaidian,CN,33.4333,115.0333,79.83,58,84,2.3,broken clouds
135,Barrow,US,71.2906,-156.7887,32.02,80,90,14.97,overcast clouds
136,Yellowknife,CA,62.456,-114.3525,62.33,47,94,1.01,overcast clouds
137,Avera,US,33.194,-82.5271,80.74,43,82,4.16,broken clouds
138,Sokone,SN,13.8833,-16.3667,75.36,77,73,9.89,broken clouds
139,Selizharovo,RU,56.8519,33.4487,38.77,67,4,0.83,clear sky
140,Grindavik,IS,63.8424,-22.4338,45.07,87,40,22.26,scattered clouds
141,Vaitape,PF,-16.5167,-151.75,78.24,67,40,13.87,scattered clouds
142,Sinnamary,GF,5.3833,-52.95,77.56,91,100,11.43,overcast clouds
143,Maralal,KE,1.0968,36.698,55.6,85,64,5.08,broken clouds
144,Rancho Palos Verdes,US,33.7445,-118.387,88.21,78,10,1.01,clear sky
145,Klaksvik,FO,62.2266,-6.589,49.12,99,100,14.58,overcast clouds
146,Khalkhal,IR,37.6189,48.5258,58.15,53,1,2.82,clear sky
147,Aguadilla,PR,18.4275,-67.1541,81.68,90,90,1.01,light rain
148,Pevek,RU,69.7008,170.3133,39.67,70,4,4.63,clear sky
149,Egvekinot,RU,66.3167,-179.1667,39.13,55,100,4.12,overcast clouds
150,Puerto Ayora,EC,-0.7393,-90.3518,74.55,90,40,11.01,scattered clouds
151,Luan,CH,46.3592,6.9759,52.36,69,2,1.01,clear sky
152,Piranhas,BR,-16.4269,-51.8222,80.37,44,81,4.59,broken clouds
153,Paka,MY,4.6374,103.4368,78.48,91,91,4.47,overcast clouds
154,Port Lincoln,AU,-34.7333,135.8667,60.01,45,99,11.65,overcast clouds
155,Palu,ID,-0.8917,119.8707,78.03,93,100,2.04,overcast clouds
156,Englewood,US,39.6478,-104.9878,62.15,74,100,3.0,overcast clouds
157,Catuday,PH,16.2923,119.8062,82.13,80,100,5.86,overcast clouds
158,Omboue,GA,-1.5746,9.2618,75.9,92,99,5.79,overcast clouds
159,Alexandria,EG,31.2156,29.9553,71.91,68,0,4.45,clear sky
160,Cap Malheureux,MU,-19.9842,57.6142,70.47,79,0,5.01,clear sky
161,Monforte De Lemos,ES,42.5216,-7.5142,63.28,96,44,2.44,scattered clouds
162,Muravlenko,RU,63.7898,74.523,41.5,62,93,6.98,overcast clouds
163,West Plains,US,36.7281,-91.8524,70.63,67,1,3.11,clear sky
164,Vanimo,PG,-2.6741,141.3028,79.48,86,100,6.58,moderate rain
165,Verkhniy Baskunchak,RU,48.2256,46.7217,66.09,87,10,9.26,clear sky
166,Jiuquan,CN,39.7432,98.5174,63.59,14,2,9.15,clear sky
167,Bibiani,GH,6.4635,-2.3194,72.34,99,100,2.95,overcast clouds
168,Roebourne,AU,-20.7833,117.1333,66.18,46,54,14.54,broken clouds
169,Oussouye,SN,12.485,-16.5469,75.74,77,88,7.34,overcast clouds
170,Husavik,IS,66.0449,-17.3389,48.83,60,20,6.44,few clouds
171,Ahipara,NZ,-35.1667,173.1667,62.51,66,10,14.07,clear sky
172,Portland,US,45.5234,-122.6762,89.62,32,70,1.01,broken clouds
173,Duncan,US,34.5023,-97.9578,69.69,83,90,9.22,overcast clouds
174,Khatanga,RU,71.9667,102.5,34.59,82,83,10.83,broken clouds
175,Tenkodogo,BF,11.78,-0.3697,95.2,31,88,10.6,overcast clouds
176,Segou,ML,13.4317,-6.2157,94.77,26,91,6.82,overcast clouds
177,Zhigansk,RU,66.7697,123.3711,55.45,53,78,4.21,broken clouds
178,Luderitz,NA,-26.6481,15.1594,57.65,73,0,23.31,clear sky
179,Mbuji-Mayi,CD,-6.15,23.6,68.92,38,59,3.15,broken clouds
180,Kaitangata,NZ,-46.2817,169.8464,49.93,73,74,7.02,broken clouds
181,Bathsheba,BB,13.2167,-59.5167,80.06,69,98,17.0,overcast clouds
182,Inhambane,MZ,-23.865,35.3833,69.17,80,51,7.63,light rain
183,Khandyga,RU,62.6667,135.6,57.18,63,58,0.83,broken clouds
184,Horsham,GB,51.064,-0.3272,59.5,63,0,6.87,clear sky
185,Tateyama,JP,34.9833,139.8667,71.15,82,62,11.16,broken clouds
186,Half Moon Bay,US,37.4636,-122.4286,100.74,51,80,5.84,broken clouds
187,Alofi,NU,-19.0595,-169.9187,82.29,100,75,11.5,light rain
188,Bagru,IN,26.8088,75.5423,80.94,31,48,6.44,scattered clouds
189,Saskylakh,RU,71.9167,114.0833,39.09,97,100,15.05,moderate rain
190,Oster,UA,50.9506,30.8823,49.84,92,37,6.24,scattered clouds
191,Sao Filipe,CV,14.8961,-24.4956,73.53,78,49,9.51,scattered clouds
192,Tuy Hoa,VN,13.0833,109.3,81.37,77,71,5.55,broken clouds
193,Sinjai,ID,-5.1241,120.253,76.19,87,58,4.23,broken clouds
194,Waddan,LY,29.1614,16.139,79.07,32,1,12.19,clear sky
195,Sassandra,CI,4.95,-6.0833,76.44,92,99,9.51,overcast clouds
196,Lovozero,RU,68.005,35.0117,42.46,80,100,17.27,overcast clouds
197,Nabire,ID,-3.3667,135.4833,77.13,93,100,3.44,overcast clouds
198,Pangnirtung,CA,66.1451,-65.7125,32.85,93,78,2.13,broken clouds
199,Viedma,AR,-40.8135,-62.9967,55.9,79,98,16.17,overcast clouds
200,Kasongo-Lunda,CD,-6.4667,16.8167,68.59,49,31,1.63,scattered clouds
201,Georgetown,MY,5.4112,100.3354,79.9,92,20,5.17,few clouds
202,Punta Alta,AR,-38.8759,-62.0736,57.54,77,100,20.69,overcast clouds
203,Ribeira Grande,PT,38.5167,-28.7,61.03,73,56,19.08,broken clouds
204,Vardo,NO,70.3705,31.1107,40.15,86,100,11.41,overcast clouds
205,Great Falls,US,47.5002,-111.3008,76.66,29,20,5.01,few clouds
206,Poum,NC,-20.2333,164.0167,72.9,58,28,20.31,scattered clouds
207,Korla,CN,41.7597,86.1469,74.07,22,77,3.04,broken clouds
208,Traverse City,US,44.7631,-85.6206,71.71,30,75,10.36,broken clouds
209,Poya,NC,-21.35,165.15,72.07,52,63,9.1,broken clouds
210,Hit,IQ,33.6416,42.8251,87.4,14,0,4.88,clear sky
211,Magadan,RU,59.5667,150.8,36.37,98,100,5.44,overcast clouds
212,Vestmannaeyjar,IS,63.4427,-20.2734,45.75,83,100,18.61,overcast clouds
213,Saint-Philippe,RE,-21.3585,55.7679,72.95,78,29,8.34,scattered clouds
214,Alta Floresta,BR,-9.8756,-56.0861,75.36,67,51,3.78,broken clouds
215,Vernon,CA,50.2581,-119.2691,85.3,31,90,1.83,overcast clouds
216,Balabac,PH,7.9868,117.0645,82.71,79,100,6.82,light rain
217,Bairiki,KI,1.3292,172.9752,86.0,74,20,18.05,light rain
218,Moron,AR,-34.6534,-58.6198,62.02,59,100,5.61,overcast clouds
219,Eydhafushi,MV,5.1033,73.0708,83.21,67,25,18.75,scattered clouds
220,Canandaigua,US,42.8742,-77.288,70.63,45,25,6.98,scattered clouds
221,Taltal,CL,-25.4,-70.4833,67.78,62,14,0.72,few clouds
222,Shingu,JP,33.7333,135.9833,68.99,57,93,3.58,overcast clouds
223,North Bend,US,43.4065,-124.2243,89.94,61,1,21.85,clear sky
224,Isla Mujeres,MX,21.2311,-86.731,87.01,62,40,11.5,scattered clouds
225,Alihe,CN,50.5667,123.7167,53.6,98,100,13.78,overcast clouds
226,Codrington,AU,-38.2667,141.9667,48.78,46,99,11.72,overcast clouds
227,Quatre Cocos,MU,-20.2078,57.7625,70.09,77,7,7.74,clear sky
228,Sur,OM,22.5667,59.5289,93.29,33,29,13.62,scattered clouds
229,Sambava,MG,-14.2667,50.1667,71.02,85,1,8.57,clear sky
230,Richards Bay,ZA,-28.783,32.0377,66.65,70,99,14.63,overcast clouds
231,Suamico,US,44.6319,-88.0393,75.97,35,1,9.44,clear sky
232,Araouane,ML,18.9048,-3.5265,93.47,8,73,2.35,broken clouds
233,Wundanyi,KE,-3.4019,38.364,59.11,83,71,7.09,broken clouds
234,Wanaka,NZ,-44.7,169.15,46.56,71,37,0.96,scattered clouds
235,Lazaro Cardenas,MX,17.9583,-102.2,87.33,66,82,10.56,broken clouds
236,San Quintin,MX,30.4833,-115.95,65.53,64,3,9.86,clear sky
237,Ayagoz,KZ,47.9714,80.4392,58.51,42,28,0.89,scattered clouds
238,Baglung,NP,28.2719,83.5898,67.86,83,39,4.18,scattered clouds
239,Tibati,CM,6.4667,12.6333,68.04,94,100,6.42,light rain
240,Okhotsk,RU,59.3833,143.3,36.9,95,100,6.76,light rain
241,Esperance,AU,-33.8667,121.9,55.24,77,95,20.98,overcast clouds
242,Darab,IR,28.7519,54.5444,81.27,13,0,1.28,clear sky
243,Nanortalik,GL,60.1432,-45.2371,38.12,91,31,11.92,scattered clouds
244,Hobyo,SO,5.3505,48.5268,78.26,87,78,24.2,broken clouds
245,Quelimane,MZ,-17.8786,36.8883,69.75,88,0,2.3,clear sky
246,Palana,RU,59.1167,159.9667,41.74,66,99,6.35,overcast clouds
247,Kalmunai,LK,7.4167,81.8167,80.06,79,100,2.98,overcast clouds
248,Starkville,US,33.4504,-88.8184,81.91,45,92,3.94,overcast clouds
249,Tiverton,GB,50.9,-3.4833,58.75,78,63,1.99,broken clouds
250,Mallaig,CA,54.2169,-111.3685,66.06,57,83,10.8,broken clouds
251,Geraldton,AU,-28.7667,114.6,48.61,93,0,9.91,clear sky
252,Umm Kaddadah,SD,13.6017,26.6876,88.34,23,56,5.08,broken clouds
253,Grand Forks,US,47.9417,-97.4337,75.13,22,1,3.44,clear sky
254,Peterhead,GB,57.5058,-1.7981,48.11,92,59,14.99,broken clouds
255,Banda Aceh,ID,5.5577,95.3222,79.7,77,99,10.74,overcast clouds
256,Oistins,BB,13.0667,-59.5333,79.7,70,99,17.56,overcast clouds
257,Mackay,AU,-21.15,149.2,69.67,81,54,11.25,broken clouds
258,Lavrentiya,RU,65.5833,-171.0,35.56,73,66,10.18,broken clouds
259,Hauterive,FR,46.0901,3.4459,63.36,84,7,3.4,clear sky
260,Butaritari,KI,3.0707,172.7902,83.7,77,78,18.75,broken clouds
261,Doka,SD,13.5167,35.7667,91.81,15,31,3.51,scattered clouds
262,Bukachacha,RU,52.9833,116.9167,49.39,97,100,7.45,moderate rain
263,Itaqui,BR,-29.1253,-56.5531,53.74,62,3,0.81,clear sky
264,Hambantota,LK,6.1241,81.1185,79.68,81,100,19.17,overcast clouds
265,Ziro,IN,27.6333,93.8333,56.77,99,100,1.34,overcast clouds
266,Alekseyevsk,RU,57.8406,108.3492,46.47,86,18,2.84,few clouds
267,Chuy,UY,-33.6971,-53.4616,53.87,74,39,8.88,scattered clouds
268,San Jose De Gracia,MX,20.6667,-102.5833,67.28,63,100,3.27,overcast clouds
269,Aksu,CN,41.1231,80.2644,70.56,38,80,8.93,broken clouds
270,Dumas,US,35.8656,-101.9732,63.75,88,75,9.22,broken clouds
271,Pudem,RU,58.3044,52.1675,38.17,71,54,4.36,broken clouds
272,Komsomolskiy,UZ,40.4272,71.7189,71.56,41,2,1.61,clear sky
273,Deputatskiy,RU,69.3,139.9,58.87,35,36,6.06,scattered clouds
274,Ler,SS,8.3018,30.1418,84.69,39,37,1.83,scattered clouds
275,San Cristobal,VE,7.7669,-72.225,72.05,77,65,2.15,broken clouds
276,Petropavlovsk-Kamchatskiy,RU,53.0452,158.6483,45.19,66,40,7.92,scattered clouds
277,Pirawa,IN,24.1551,76.0273,86.0,49,54,15.3,broken clouds
278,Havre-Saint-Pierre,CA,50.2334,-63.5986,44.96,100,90,4.61,overcast clouds
279,Semey,KZ,50.4111,80.2275,52.02,66,0,2.24,clear sky
280,Okha,RU,53.5739,142.9478,41.76,72,100,8.88,overcast clouds
281,Fort Nelson,CA,58.8053,-122.7002,77.32,25,97,3.38,overcast clouds
282,Isangel,VU,-19.55,169.2667,73.65,60,39,14.36,scattered clouds
283,Grand Gaube,MU,-20.0064,57.6608,70.38,79,1,5.01,clear sky
284,Katsuura,JP,35.1333,140.3,68.18,81,81,12.21,broken clouds
285,Kavaratti,IN,10.5669,72.642,83.59,74,98,18.88,overcast clouds
286,Macherla,IN,16.4833,79.4333,88.29,54,48,10.16,scattered clouds
287,Victoria,HK,22.2855,114.1577,80.94,95,100,1.01,moderate rain
288,Villany,HU,45.8689,18.4539,49.71,92,81,3.65,broken clouds
289,West Bay,KY,19.3667,-81.4167,86.07,73,20,1.01,few clouds
290,Vila Do Maio,CV,15.1333,-23.2167,72.39,85,74,15.17,broken clouds
291,Nizhnevartovsk,RU,60.9344,76.5531,42.82,100,90,11.18,light rain
292,Jacqueville,CI,5.2052,-4.4146,80.51,81,99,9.93,overcast clouds
293,Moba,CN,33.2288,105.0179,55.27,83,100,2.1,overcast clouds
294,Port-Gentil,GA,-0.7193,8.7815,79.16,82,100,13.24,overcast clouds
295,Guaruja,BR,-23.9931,-46.2564,72.91,26,100,15.84,overcast clouds
296,Sioux Lookout,CA,50.1001,-91.917,70.21,31,60,6.31,broken clouds
297,Takoradi,GH,4.8845,-1.7554,78.64,84,93,6.64,overcast clouds
298,Hofn,IS,64.2539,-15.2082,45.64,86,68,2.66,broken clouds
299,Arrifes,PT,37.7667,-25.7,57.45,94,75,21.85,broken clouds
300,Narsaq,GL,60.9167,-46.05,44.82,80,36,2.68,scattered clouds
301,Ambulu,ID,-8.345,113.6058,73.47,90,100,2.44,overcast clouds
302,Karpathos,GR,35.507,27.2132,67.23,83,1,10.47,clear sky
303,Shubarkuduk,KZ,49.1447,56.4872,64.31,91,100,4.76,overcast clouds
304,Khorixas,NA,-20.3667,14.9667,59.88,35,41,2.62,scattered clouds
305,Porto Santo,PT,33.072,-16.3415,64.31,82,20,5.75,few clouds
306,Jasper,US,37.2001,-94.3502,66.45,83,90,1.01,moderate rain
307,Tuatapere,NZ,-46.1333,167.6833,49.82,82,49,4.03,scattered clouds
308,Diamantino,BR,-14.4086,-56.4461,75.42,55,28,3.44,scattered clouds
309,Sugal,PH,5.6622,125.4617,79.45,85,98,8.7,light rain
310,Chara,RU,56.9064,118.2631,53.51,62,44,2.8,scattered clouds
311,Kapit,MY,2.0167,112.9333,73.63,98,77,0.78,broken clouds
312,Yeppoon,AU,-23.1333,150.7333,64.18,82,48,10.76,scattered clouds
313,Alice Springs,AU,-23.7,133.8833,54.95,38,40,10.2,scattered clouds
314,Colares,PT,38.7992,-9.4469,65.44,76,93,3.0,overcast clouds
315,Amuntai,ID,-2.4177,115.2494,75.06,91,50,0.78,scattered clouds
316,Kalabo,ZM,-14.97,22.6814,56.21,36,2,4.47,clear sky
317,Ponta Delgada,PT,37.7333,-25.6667,59.72,94,75,21.85,broken clouds
318,Hammerfest,NO,70.6634,23.6821,43.25,100,75,5.75,drizzle
319,Zyryanka,RU,65.75,150.85,59.65,32,29,16.6,scattered clouds
320,Beloha,MG,-25.1667,45.05,66.16,69,84,8.86,broken clouds
321,Virginia Beach,US,36.8529,-75.978,73.62,68,89,5.5,overcast clouds
322,Pacific Grove,US,36.6177,-121.9166,93.02,79,64,1.01,broken clouds
323,Rocha,UY,-34.4833,-54.3333,53.91,75,67,8.68,broken clouds
324,Jackson,US,42.4165,-122.8345,97.02,20,1,6.91,clear sky
325,Maarianhamina,AX,60.0973,19.9348,46.26,76,0,9.22,clear sky
326,Ayan,RU,56.45,138.1667,43.56,85,98,4.68,overcast clouds
327,Kaeo,NZ,-35.1,173.7833,62.33,76,2,8.41,clear sky
328,Mount Gambier,AU,-37.8333,140.7667,48.56,41,100,9.33,overcast clouds
329,Tsumeb,NA,-19.2333,17.7167,61.74,23,76,7.2,broken clouds
330,College,US,64.8569,-147.8028,69.78,36,75,3.44,broken clouds
331,Masallatah,LY,32.6167,14.0,68.92,59,43,6.35,scattered clouds
332,Cidreira,BR,-30.1811,-50.2056,53.78,64,21,7.09,few clouds
333,Zlobin,HR,45.2924,14.6541,56.5,29,20,4.92,few clouds
334,Luganville,VU,-15.5333,167.1667,79.39,72,85,9.42,overcast clouds
335,Obera,AR,-27.4871,-55.1199,50.76,56,0,2.04,clear sky
336,Kippen,GB,56.1268,-4.1709,58.06,88,17,4.52,few clouds
337,Kolyvan,RU,55.3053,82.7391,55.06,80,28,6.82,scattered clouds
338,Grand-Santi,GF,4.25,-54.3833,73.78,100,99,2.59,moderate rain
339,Linxia,CN,35.6003,103.2064,54.09,62,100,1.95,overcast clouds
340,Taga,RO,46.95,24.05,54.3,88,78,4.85,broken clouds
341,Campagna,IT,40.6653,15.1059,62.24,58,37,5.26,scattered clouds
342,Maniitsoq,GL,65.4167,-52.9,33.75,89,100,2.98,overcast clouds
343,Envira,BR,-7.3,-70.2167,73.92,97,100,1.52,overcast clouds
344,Stornoway,GB,58.2093,-6.3865,54.93,76,20,3.44,few clouds
345,Flin Flon,CA,54.7682,-101.865,55.89,87,100,7.2,overcast clouds
346,Yulara,AU,-25.2406,130.9889,60.64,62,62,3.78,broken clouds
347,Lakatoro,VU,-16.0999,167.4164,78.73,72,80,11.07,broken clouds
348,Abu Samrah,SY,35.3029,37.1841,68.7,50,9,16.15,clear sky
349,Hamilton,US,39.1834,-84.5333,74.71,48,1,2.59,clear sky
350,Coquimbo,CL,-29.9533,-71.3436,65.23,60,1,3.11,clear sky
351,Chakwal,PK,32.9334,72.8585,74.59,60,6,2.39,clear sky
352,Manubul,PH,5.4732,120.7986,82.98,73,100,7.74,overcast clouds
353,Severo-Kurilsk,RU,50.6789,156.125,37.53,98,100,21.41,light rain
354,Ust-Kishert,RU,57.3654,57.2495,38.66,81,79,3.85,broken clouds
355,Yurginskoye,RU,56.8189,67.3921,40.53,80,31,11.16,scattered clouds
356,Abalak,RU,58.1286,68.5944,38.93,87,24,9.26,few clouds
357,Parchim,DE,53.4263,11.8488,54.66,82,65,3.33,broken clouds
358,Ixtapa,MX,20.7,-105.2,85.23,54,75,10.36,broken clouds
359,Huatulco,MX,15.8436,-96.3267,81.86,71,90,5.28,overcast clouds
360,Mizdah,LY,31.4451,12.9801,70.84,46,35,9.66,scattered clouds
361,Vredendal,ZA,-31.6683,18.5012,53.49,82,0,4.79,clear sky
362,Iskateley,RU,67.6803,53.1512,37.27,96,100,18.61,overcast clouds
363,Caraquet,CA,47.7941,-64.9386,48.22,98,100,5.68,overcast clouds
364,Lagoa,PT,39.05,-27.9833,60.17,71,74,15.99,broken clouds
365,Sosnogorsk,RU,63.6023,53.8817,39.31,68,18,7.74,few clouds
366,Soltsy,RU,58.1239,30.3238,44.71,73,100,3.44,overcast clouds
367,Bubaque,GW,11.2833,-15.8333,78.35,81,100,11.34,overcast clouds
368,Gizo,SB,-8.103,156.8419,82.0,82,81,20.45,moderate rain
369,Mountain Home,US,43.133,-115.6912,85.48,10,1,12.46,clear sky
370,Druskininkai,LT,54.0167,23.9667,50.0,70,100,3.29,overcast clouds
371,Xiongzhou,CN,25.1167,114.3,76.26,97,100,1.77,overcast clouds
372,Kem,RU,64.9555,34.5793,45.64,75,57,9.06,broken clouds
373,Vostok,RU,46.4856,135.8833,57.06,56,45,2.55,scattered clouds
374,Bilibino,RU,68.0546,166.4372,59.67,33,23,2.39,few clouds
375,Saint-Pierre,RE,-21.3393,55.4781,73.04,66,20,6.91,few clouds
376,Arinos,BR,-15.9169,-46.1056,73.36,45,50,2.8,scattered clouds
377,Lompoc,US,34.6391,-120.4579,80.74,76,90,3.0,overcast clouds
378,Progreso,MX,21.2833,-89.6667,83.1,75,2,19.22,clear sky
379,Mabaruma,GY,8.2,-59.7833,74.35,96,100,5.68,overcast clouds
380,Makakilo City,US,21.3469,-158.0858,82.72,58,1,9.22,clear sky
381,Chimbote,PE,-9.0853,-78.5783,66.15,85,72,9.4,broken clouds
382,Atasu,KZ,48.6814,71.6433,67.89,50,87,6.46,overcast clouds
383,Berberati,CF,4.2612,15.7922,68.27,98,100,2.95,moderate rain
384,Kropotkin,RU,45.4375,40.5756,60.96,83,82,8.19,broken clouds
385,Lensk,RU,60.7253,114.9278,57.67,74,73,5.97,broken clouds
386,Mercedes,AR,-34.6515,-59.4307,61.86,68,100,6.93,overcast clouds
387,Kaseda,JP,31.4167,130.3167,68.85,69,32,6.31,scattered clouds
388,Guerrero Negro,MX,27.9769,-114.0611,69.94,52,0,14.05,clear sky
389,Fairbanks,US,64.8378,-147.7164,69.8,36,75,3.44,broken clouds
390,Yeroham,IL,30.9872,34.9314,63.54,71,0,6.22,clear sky
391,Turukhansk,RU,65.8167,87.9833,39.49,96,100,9.66,moderate rain
392,Karacakoy,TR,41.4029,28.3834,62.64,95,100,14.45,heavy intensity rain
393,Dali,CN,25.7,100.1833,60.6,90,45,5.26,scattered clouds
394,Novyy Urgal,RU,51.0736,132.5642,58.96,54,48,0.83,scattered clouds
395,Yumen,CN,40.2833,97.2,56.93,19,10,6.69,clear sky
396,Menongue,AO,-14.6585,17.691,52.47,36,6,3.8,clear sky
397,Batemans Bay,AU,-35.7167,150.1833,46.9,53,66,2.71,broken clouds
398,Acarau,BR,-2.8856,-40.12,79.05,84,50,12.57,scattered clouds
399,Antofagasta,CL,-23.65,-70.4,58.28,80,25,1.59,scattered clouds
400,Sergeyevka,KZ,53.88,67.4158,51.37,82,96,12.88,overcast clouds
401,Benghazi,LY,32.1167,20.0667,70.47,75,39,9.4,scattered clouds
402,Noumea,NC,-22.2763,166.4572,72.0,99,100,9.04,overcast clouds
403,Mount Isa,AU,-20.7333,139.5,69.57,56,12,12.66,few clouds
404,Pathein,MM,16.7833,94.7333,79.84,86,91,3.4,overcast clouds
405,Yenagoa,NG,4.9247,6.2642,75.51,95,100,6.04,overcast clouds
406,Buta,CD,2.7858,24.73,69.84,99,95,1.59,overcast clouds
407,Lahat,ID,-3.8,103.5333,71.06,91,95,2.77,overcast clouds
408,Nova Bana,SK,48.4231,18.6404,49.39,89,6,4.74,clear sky
409,Jalu,LY,29.0331,21.5482,77.54,35,0,15.3,clear sky
410,Pak Phanang,TH,8.3511,100.202,80.74,80,83,4.09,broken clouds
411,High Prairie,CA,55.4334,-116.4858,71.01,45,65,8.97,broken clouds
412,Riyadh,SA,24.6877,46.7219,89.15,14,0,4.43,clear sky
413,Pemberton,CA,50.3164,-122.8027,73.8,62,99,2.62,overcast clouds
414,Basco,PH,20.4487,121.9702,83.97,74,97,4.41,overcast clouds
415,Bowen,AU,-20.0167,148.2333,69.37,75,63,10.94,broken clouds
416,Talnakh,RU,69.4865,88.3972,32.31,91,98,5.19,overcast clouds
417,Usinsk,RU,65.9939,57.5281,44.02,65,99,21.18,overcast clouds
418,Kihei,US,20.785,-156.4656,90.34,80,62,1.21,broken clouds
419,Kutum,SD,14.2,24.6667,84.15,25,97,1.48,overcast clouds
420,Vaxjo,SE,56.8777,14.8091,60.85,55,20,8.05,few clouds
421,Marsa Matruh,EG,31.3525,27.2453,69.98,74,3,7.18,clear sky
422,Vila Franca Do Campo,PT,37.7167,-25.4333,59.41,79,98,14.34,overcast clouds
423,Galle,LK,6.0367,80.217,80.65,81,100,15.37,overcast clouds
424,Bereznik,RU,62.8551,42.7072,43.29,74,85,5.03,overcast clouds
425,Kudahuvadhoo,MV,2.6708,72.8944,82.96,72,58,16.06,broken clouds
426,Nedjo,ET,9.5046,35.5019,61.9,68,24,3.22,few clouds
427,Simplicio Mendes,BR,-7.8539,-41.9103,81.36,50,23,9.04,few clouds
428,Lumeje,AO,-11.55,20.7833,57.69,39,29,5.86,scattered clouds
429,Ardesen,TR,41.1911,40.9875,69.76,69,62,10.02,broken clouds
430,Swellendam,ZA,-34.0226,20.4417,52.92,85,18,6.67,few clouds
431,Muroto,JP,33.2833,134.15,69.12,72,100,7.38,overcast clouds
432,Kamina,CD,-8.7386,24.9906,60.64,50,62,3.47,broken clouds
433,Sakakah,SA,29.9697,40.2064,85.95,13,2,4.34,clear sky
434,Waingapu,ID,-9.6567,120.2641,75.96,80,93,2.95,overcast clouds
435,Constitucion,CL,-35.3333,-72.4167,58.23,91,87,3.91,overcast clouds
436,Veraval,IN,20.9,70.3667,82.74,75,45,11.48,scattered clouds
437,Poso,ID,-1.3959,120.7524,83.34,76,78,3.02,broken clouds
438,Winnemucca,US,40.973,-117.7357,87.85,12,1,6.78,clear sky
439,Eyl,SO,7.9803,49.8164,79.45,80,99,20.49,overcast clouds
440,Hefei,CN,31.8639,117.2808,74.95,100,14,4.16,few clouds
441,Luanda,AO,-8.8368,13.2343,77.0,88,75,4.61,broken clouds
442,Belyy Yar,RU,53.6039,91.3903,42.69,87,0,4.07,clear sky
443,Bantry,IE,51.6833,-9.45,54.88,95,100,2.39,overcast clouds
444,Kurumkan,RU,54.3,110.3,38.77,96,100,0.65,light rain
445,Murgab,TM,37.4966,61.9714,82.27,39,0,10.49,clear sky
446,Ola,RU,59.5833,151.2833,37.29,96,100,1.61,overcast clouds
447,Norfolk,US,42.1668,-71.2495,60.55,83,90,1.01,overcast clouds
448,Laguna,US,38.421,-121.4238,107.44,19,1,3.0,clear sky
449,Westport,US,41.1415,-73.3579,70.29,55,46,1.99,scattered clouds
450,Channel-Port Aux Basques,CA,47.5702,-59.1367,43.68,97,99,20.62,overcast clouds
451,Coari,BR,-4.085,-63.1414,79.7,73,24,2.39,few clouds
452,Sovetskaya Gavan,RU,48.9723,140.2878,52.02,61,2,3.56,clear sky
453,Camalu,MX,30.85,-116.0667,70.43,64,8,8.79,clear sky
454,Micheweni,TZ,-4.9667,39.8333,75.65,85,12,8.81,few clouds
455,Naze,JP,28.3667,129.4833,71.98,70,53,19.84,broken clouds
456,Alyangula,AU,-13.8483,136.4192,79.03,74,36,15.03,scattered clouds
457,Beipiao,CN,41.7919,120.7792,64.92,43,79,12.39,broken clouds
458,The Valley,AI,18.217,-63.0578,81.1,74,40,11.5,scattered clouds
459,Peddapalli,IN,18.6167,79.3667,87.48,50,61,0.6,broken clouds
460,Pasni,PK,25.2631,63.471,84.2,85,0,10.71,clear sky
461,Samarai,PG,-10.6167,150.6667,79.03,74,72,18.54,broken clouds
462,Marzuq,YE,14.4,46.4667,77.99,40,21,6.06,few clouds
463,Lasa,IT,46.6166,10.7002,49.37,76,5,3.91,clear sky
464,Kapuskasing,CA,49.4169,-82.4331,66.43,47,99,6.42,heavy intensity rain
465,Sola,VU,-13.8833,167.55,79.59,77,99,16.24,overcast clouds
466,Manggar,ID,-2.8833,108.2667,79.9,83,99,5.3,overcast clouds
467,Cocula,MX,20.3652,-103.8222,93.34,20,100,5.61,overcast clouds
468,Grafton,US,42.207,-71.6856,60.21,73,20,1.01,few clouds
469,Port Hawkesbury,CA,45.6169,-61.3485,61.59,99,90,4.0,mist
470,Yima,CN,34.7381,111.8839,70.39,62,99,1.3,overcast clouds
471,Alcudia,ES,39.8532,3.1214,72.25,73,87,7.27,overcast clouds
472,Ipira,BR,-12.1583,-39.7372,69.8,84,18,10.78,few clouds
473,Nacala,MZ,-14.5428,40.6728,71.6,88,6,6.11,clear sky
474,Fevik,NO,58.3794,8.6766,56.08,83,99,10.11,overcast clouds
475,Taoudenni,ML,22.6783,-3.9836,101.48,10,52,6.87,broken clouds
476,Palmer,US,42.1584,-72.3287,63.63,66,40,7.54,scattered clouds
477,Kloulklubed,PW,7.0419,134.2556,84.7,77,100,15.21,overcast clouds
478,Sisimiut,GL,66.9395,-53.6735,36.73,80,68,8.23,broken clouds
479,Moose Factory,CA,51.2585,-80.6094,62.58,77,90,3.44,overcast clouds
480,Biggar,GB,55.6167,-3.5167,56.7,92,14,4.38,few clouds
481,Chengde,CN,40.9725,117.9361,58.48,74,27,1.61,scattered clouds
482,Talaya,RU,61.3833,152.75,43.02,55,67,9.35,broken clouds
483,Kuloy,RU,61.0305,42.4925,38.88,68,12,3.18,few clouds
484,Bonavista,CA,48.6499,-53.1147,48.06,65,100,14.32,overcast clouds
485,Lively,CA,46.4334,-81.1498,66.38,42,72,8.97,broken clouds
486,Amapa,BR,1.0,-52.0,72.7,99,79,2.68,broken clouds
487,Winona,US,43.9666,-91.7668,72.95,81,18,6.51,few clouds
488,Zhezkazgan,KZ,47.8043,67.7144,68.94,60,96,6.29,overcast clouds
489,Islamnagar,IN,28.3333,78.7167,85.19,42,46,11.12,scattered clouds
490,Ardakan,IR,32.31,54.0175,77.38,10,0,7.31,clear sky
491,Kavieng,PG,-2.5744,150.7967,81.95,76,93,7.56,overcast clouds
492,Leh,IN,34.1667,77.5833,44.47,85,100,3.49,light rain
493,Huanuni,BO,-18.2667,-66.85,39.43,21,98,3.87,overcast clouds
494,Esik,KZ,43.3552,77.4525,58.42,39,0,8.61,clear sky
495,Aklavik,CA,68.2191,-135.0107,35.6,75,90,12.66,overcast clouds
496,Jvari,GE,42.7169,42.052,59.25,80,92,10.33,overcast clouds
497,Springbok,ZA,-29.6643,17.8865,42.46,95,2,3.18,clear sky
498,Nantucket,US,41.2835,-70.0995,58.96,94,90,12.66,overcast clouds
499,Bongandanga,CD,1.5,21.05,73.67,91,100,1.52,overcast clouds
500,Kaili,ID,-3.4626,120.2147,68.58,92,89,1.97,overcast clouds
501,Sargodha,PK,32.0836,72.6711,79.75,52,0,10.31,clear sky
502,Vao,NC,-22.6667,167.4833,71.1,55,83,18.41,broken clouds
503,Akureyri,IS,65.6835,-18.0878,47.62,66,12,12.48,few clouds
504,Kamennogorsk,RU,60.9545,29.1339,44.53,93,100,4.05,overcast clouds
505,Langham,CA,52.3668,-106.9679,77.83,35,99,7.23,overcast clouds
506,Santa Rosa,PH,14.3122,121.1114,85.98,84,99,5.5,overcast clouds
507,Gat,IL,31.61,34.7642,73.81,100,0,1.72,clear sky
508,La Palma Del Condado,ES,37.3861,-6.5523,65.44,92,24,5.91,few clouds
509,Marsh Harbour,BS,26.5412,-77.0636,78.89,77,86,13.02,heavy intensity rain
510,Rundu,NA,-17.9333,19.7667,54.54,29,78,3.22,broken clouds
511,Abu Zabad,SD,12.35,29.25,89.73,30,28,4.9,scattered clouds
512,Tauramena,CO,5.0183,-72.7492,74.34,93,82,2.62,broken clouds
513,Pemba,MZ,-12.974,40.5178,75.65,82,18,10.02,light rain
514,Iquique,CL,-20.2208,-70.1431,64.15,83,96,4.21,overcast clouds
515,Xining,CN,36.6167,101.7667,49.19,73,100,2.64,overcast clouds
516,Lethem,GY,3.3803,-59.7968,78.26,86,82,5.46,broken clouds
517,Tambopata,PE,-12.7333,-69.1833,74.91,87,95,3.53,overcast clouds
518,Erdenet,MN,49.0333,104.0833,32.94,80,56,4.14,broken clouds
519,Churapcha,RU,62.0025,132.4325,57.72,57,65,3.65,broken clouds
520,Aykhal,RU,66.0,111.5,56.17,47,100,14.9,overcast clouds
521,Old Shinyanga,TZ,-3.55,33.4,72.05,56,73,9.35,broken clouds
522,Ulladulla,AU,-35.35,150.4667,56.88,49,79,3.89,broken clouds
523,Flekkefjord,NO,58.2971,6.6607,55.94,66,56,4.0,broken clouds
524,Bam,IR,29.106,58.357,85.69,9,0,6.31,clear sky
525,Laerdalsoyri,NO,61.098,7.4816,62.44,49,98,0.67,overcast clouds
526,Praia,CV,14.9215,-23.5087,72.14,78,40,10.36,scattered clouds
527,Pachino,IT,36.7186,15.0907,64.44,80,20,4.88,few clouds
528,Lyaskelya,RU,61.7667,31.0167,42.71,95,94,2.98,overcast clouds
529,Itarema,BR,-2.9248,-39.9167,79.3,82,41,12.33,scattered clouds
530,Tavira,PT,37.1273,-7.6486,62.47,86,28,9.98,scattered clouds
531,Williamsburg,US,37.2707,-76.7075,73.9,60,1,5.75,clear sky
532,Saravan,AM,39.7196,45.6483,59.65,54,61,5.26,broken clouds
533,Nouna,BF,12.7333,-3.8667,87.21,48,87,15.79,overcast clouds
534,Salina,US,38.8403,-97.6114,62.19,100,90,9.22,mist
535,Calbuco,CL,-41.768,-73.1273,58.21,97,100,9.95,moderate rain
536,Teguise,ES,29.0605,-13.564,62.82,68,20,15.77,few clouds
537,Huicheng,CN,23.0385,116.2899,76.95,95,100,7.4,overcast clouds
538,Zhangye,CN,38.9342,100.4517,62.69,23,0,2.04,clear sky
539,Kochkurovo,RU,54.0358,45.4184,44.44,85,100,4.61,overcast clouds
540,Solenzo,BF,12.1833,-4.0833,84.31,54,97,13.31,overcast clouds
541,Buala,SB,-8.145,159.5921,82.72,79,91,7.94,light rain
542,Jashpurnagar,IN,22.9,84.15,79.03,57,70,3.4,broken clouds
543,Podstepki,RU,53.5151,49.1355,52.45,87,87,11.52,overcast clouds
544,Cabedelo,BR,-6.9811,-34.8339,75.87,82,7,11.5,clear sky
545,Qui Nhon,VN,13.7667,109.2333,82.26,77,30,3.98,scattered clouds
546,Dakoro,NE,14.5106,6.765,87.69,10,1,7.43,clear sky
547,Dawlatabad,AF,36.4141,64.9053,84.27,16,0,4.72,clear sky
548,Corinto,GR,37.9407,22.9573,68.9,70,27,11.36,scattered clouds
549,Kruisfontein,ZA,-34.0033,24.7314,51.89,83,3,7.7,clear sky
550,Marystown,CA,47.1666,-55.1483,48.85,100,100,8.86,overcast clouds
551,Oktyabrskiy,RU,54.4815,53.471,44.15,96,99,5.61,overcast clouds
552,Ukiah,US,39.1502,-123.2078,105.12,15,1,10.36,clear sky
553,Darhan,MN,49.4867,105.9228,39.87,55,21,2.62,few clouds
554,Guiratinga,BR,-16.3494,-53.7583,77.41,49,83,0.78,broken clouds
555,Wuwei,CN,37.9281,102.6414,61.5,40,54,7.36,broken clouds
556,Bandarbeyla,SO,9.4942,50.8122,79.36,82,100,22.84,overcast clouds
557,Beisfjord,NO,68.3751,17.5988,47.05,91,93,2.28,overcast clouds
558,Nuuk,GL,64.1835,-51.7216,36.21,87,90,5.75,overcast clouds
559,Corsicana,US,32.0954,-96.4689,81.25,75,20,3.0,few clouds
560,Nhulunbuy,AU,-12.2333,136.7667,77.61,83,75,10.36,light rain
561,Anadyr,RU,64.75,177.4833,50.5,37,0,3.4,clear sky
562,Numan,NG,9.4667,12.0333,76.68,78,100,6.69,light rain
563,Inirida,CO,3.8653,-67.9239,76.03,95,96,0.94,overcast clouds
564,Kollam,IN,8.8833,76.6,76.87,86,100,9.51,overcast clouds
565,Tokur,RU,53.1333,132.9,56.14,61,9,1.68,clear sky
566,Kankon,IN,15.0167,74.0167,80.4,83,38,6.8,scattered clouds
567,Bairnsdale,AU,-37.8333,147.6167,42.71,48,59,3.49,broken clouds
568,Oranjemund,NA,-28.55,16.4333,55.04,86,0,10.51,clear sky
569,Kachug,RU,53.9606,105.8817,37.53,99,100,4.36,light rain
570,Ballina,AU,-28.8667,153.5667,61.79,85,76,7.45,broken clouds
571,Yanam,IN,16.7333,82.2167,83.34,85,67,3.8,broken clouds
572,Muli,MV,2.9167,73.5667,83.5,68,79,16.93,broken clouds
573,Springdale,US,36.1867,-94.1288,66.31,73,90,3.0,light rain
574,Radhanpur,IN,23.8333,71.6,83.17,74,1,13.8,clear sky
575,Ust-Tsilma,RU,65.441,52.1498,44.55,78,67,6.87,broken clouds
576,Tiznit,MA,29.5833,-9.5,64.06,74,4,1.83,clear sky
577,Cascais,PT,38.6979,-9.4215,65.61,75,90,3.0,overcast clouds
578,Kangaba,ML,11.9333,-8.4167,84.63,53,67,7.61,broken clouds
579,Bereda,ES,43.2686,-7.5406,61.0,100,23,2.26,few clouds
580,La Cruz,MX,23.9167,-106.9,87.48,66,7,7.0,clear sky
581,Phan Thiet,VN,10.9333,108.1,79.61,85,44,6.51,scattered clouds
582,Minuri,PH,16.535,121.8574,78.33,84,96,1.72,overcast clouds
583,Bilma,NE,18.6853,12.9164,92.08,9,100,7.56,overcast clouds
584,Cervo,ES,43.6702,-7.4101,64.2,91,44,6.46,scattered clouds
585,Boshnyakovo,RU,49.6333,142.1667,46.08,62,23,4.52,few clouds
586,Tiarei,PF,-17.5333,-149.3333,86.02,64,38,17.2,scattered clouds
587,Sitka,US,57.0531,-135.33,53.49,82,90,11.5,moderate rain
588,Tura,IN,25.5198,90.2201,71.69,97,100,3.51,overcast clouds
589,Albania,AL,41.0,20.0,56.59,83,1,3.96,clear sky
590,La Joya,MX,18.6667,-99.4667,94.39,42,74,3.27,broken clouds
591,Brae,GB,60.3964,-1.353,46.31,87,19,10.92,few clouds
592,Novouzensk,RU,50.4592,48.1431,59.36,89,97,11.79,overcast clouds
593,Ballaghaderreen,IE,53.9,-8.5833,59.88,77,100,12.19,light rain
594,Rio Gallegos,AR,-51.6226,-69.2181,33.85,86,90,9.22,light rain
595,Spisska Nova Ves,SK,48.9446,20.5615,47.23,94,28,5.26,scattered clouds
596,Yashkul,RU,46.1711,45.3435,67.69,63,0,7.7,clear sky
597,Lakhnadon,IN,22.6,79.6,85.46,39,81,5.26,broken clouds
598,Nicoya,CR,10.1483,-85.452,85.55,73,76,3.31,broken clouds
599,Raub,MY,3.7899,101.857,74.05,94,47,1.1,scattered clouds
600,Kurchum,KZ,48.5722,83.6542,60.3,56,24,4.41,few clouds
601,Severnoye,RU,56.3491,78.3619,63.77,72,100,13.8,light rain
602,Kindu,CD,-2.95,25.95,72.32,81,93,2.28,overcast clouds
603,Urumqi,CN,43.801,87.6005,70.75,25,0,2.19,clear sky
604,Tambura,SS,5.6,27.4667,72.72,65,56,2.66,broken clouds
605,Djougou,BJ,9.7085,1.666,78.33,70,96,10.89,overcast clouds
606,Ryotsu,JP,38.0833,138.4333,59.94,78,32,8.72,scattered clouds
607,Port Hardy,CA,50.6996,-127.4199,62.11,77,100,1.41,overcast clouds
608,Chintamani,IN,13.4,78.0667,71.94,73,73,8.59,broken clouds
609,Bose,IT,45.4612,8.0137,59.2,81,5,4.21,clear sky
610,Malabo,GQ,3.75,8.7833,79.68,86,100,9.53,light rain
611,Nemuro,JP,43.3236,145.575,43.18,77,22,11.5,few clouds
612,Kanungu,UG,-0.9575,29.7897,62.13,93,91,3.74,overcast clouds
613,Omsukchan,RU,62.5333,155.8,41.68,55,57,8.63,broken clouds
614,Santa Luzia,BR,-19.7697,-43.8514,65.48,94,75,2.28,broken clouds
615,Kuah,MY,6.3265,99.8432,83.5,76,83,4.43,light rain
616,Stephenville,US,32.2207,-98.2023,66.33,88,1,13.8,moderate rain
617,Nara,JP,34.6851,135.8049,68.92,48,2,1.99,clear sky
618,Safakulevo,RU,54.9901,62.5442,46.67,64,82,11.07,broken clouds
619,Cobija,BO,-11.0267,-68.7692,78.98,73,100,2.91,overcast clouds
620,Gunnedah,AU,-30.9833,150.25,51.73,67,60,1.28,broken clouds
621,Tautira,PF,-17.7333,-149.15,86.02,63,45,13.78,scattered clouds
622,Victoria Point,AU,-27.5833,153.3,66.94,76,47,1.99,scattered clouds
623,Karratha,AU,-20.7377,116.8463,65.59,49,46,12.97,scattered clouds
624,Seymchan,RU,62.8833,152.4333,46.54,62,94,11.21,overcast clouds
625,Gweta,BW,-20.1833,25.2333,61.27,33,79,3.78,broken clouds
626,Male,MV,4.1748,73.5089,83.01,66,10,18.43,clear sky
627,Funchal,PT,32.6333,-16.9,66.7,91,40,1.99,scattered clouds
628,Russell,US,32.3502,-85.1999,83.79,48,1,6.44,clear sky
629,Valley Station,US,38.1112,-85.8702,77.05,46,75,4.41,broken clouds
630,Gushikawa,JP,26.3544,127.8686,78.03,77,75,16.58,broken clouds
631,Shatrovo,RU,56.5167,64.6333,38.55,81,11,8.12,few clouds
632,Yamada,JP,39.4667,141.95,56.25,83,98,4.03,overcast clouds
633,Lipetsk,RU,52.6031,39.5708,43.03,84,100,6.85,overcast clouds
634,Te Anau,NZ,-45.4167,167.7167,42.4,86,37,0.92,scattered clouds
635,Siavonga,ZM,-16.5382,28.7088,64.11,48,24,4.29,few clouds
636,Sumbe,AO,-11.2061,13.8437,74.05,85,20,3.0,few clouds
637,Huangchuan,CN,32.1272,115.0394,77.49,74,34,3.0,scattered clouds
638,Lincoln,US,40.8,-96.667,76.12,45,1,3.0,clear sky
639,Paamiut,GL,61.994,-49.6678,37.78,89,81,5.17,broken clouds
640,Atambua,ID,-9.1061,124.8925,73.29,82,66,3.49,broken clouds
641,Kilindoni,TZ,-7.9139,39.6668,77.68,80,8,9.86,light rain
642,Polson,US,47.6936,-114.1632,79.41,34,99,2.77,overcast clouds
643,Tual,ID,-5.6667,132.75,81.86,78,9,17.13,clear sky
644,Dasoguz,TM,41.8363,59.9666,77.11,44,0,15.5,clear sky
645,Gari,RU,59.4307,62.3497,36.14,76,1,4.7,clear sky
646,Monrovia,LR,6.3005,-10.7969,77.38,87,100,6.02,light rain
647,San Carlos,VE,9.6612,-68.5827,81.39,69,59,0.47,broken clouds
648,Ballangen,NO,68.3428,16.8315,47.19,87,90,2.24,overcast clouds
649,Zabol,AF,32.25,67.25,67.59,16,0,6.58,clear sky
650,Havoysund,NO,70.9963,24.6622,43.68,98,100,18.95,overcast clouds
651,Payo,ID,-3.7508,103.6372,71.15,94,97,1.88,overcast clouds
652,Kushima,JP,31.4583,131.2333,69.12,70,62,6.96,broken clouds
653,Honningsvag,NO,70.9821,25.9704,41.83,97,100,19.42,overcast clouds
654,Svetlogorsk,BY,52.6333,29.7333,42.55,88,12,4.03,few clouds
655,Saint-Joseph,RE,-21.3667,55.6167,71.96,66,14,8.19,few clouds
656,Sahuaripa,MX,29.05,-109.2333,97.12,10,26,15.68,scattered clouds
657,Batagay-Alyta,RU,67.8006,130.4114,46.96,72,99,2.48,overcast clouds
658,Aitape,PG,-3.1374,142.3475,79.57,87,100,8.21,moderate rain
659,Bekobod,UZ,40.2208,69.2697,78.49,28,69,9.91,broken clouds
660,Kraslava,LV,55.8951,27.168,48.9,69,100,3.11,overcast clouds
661,Salamiyah,SY,35.0113,37.0532,67.69,54,12,13.65,few clouds
662,Cabinda,AO,-5.55,12.2,76.62,92,75,4.47,broken clouds
663,Vila Velha,BR,-20.3297,-40.2925,75.94,88,19,8.99,few clouds
664,Port Macquarie,AU,-31.4333,152.9167,53.89,78,85,4.61,overcast clouds
665,Rio Tuba,PH,8.5061,117.4317,80.87,82,98,5.59,overcast clouds
666,Zaokskiy,RU,54.7306,37.4089,37.85,91,35,2.55,scattered clouds
667,Santa Catalina,PH,9.3337,122.8637,80.74,82,100,1.14,moderate rain
668,Saint-Augustin,CA,51.226,-58.6502,44.67,95,100,8.79,overcast clouds
669,Nouadhibou,MR,20.931,-17.0347,65.5,89,39,26.22,scattered clouds
670,Puteyets,RU,65.1716,57.091,42.94,63,85,13.02,overcast clouds
671,Rivers,CA,50.0308,-100.2403,72.37,29,34,8.19,scattered clouds
672,Tokmak,UA,47.2514,35.7058,57.92,94,100,16.44,overcast clouds
673,Yilan,TW,24.757,121.753,82.36,99,100,0.31,overcast clouds
